0,1,2,3,4,5,6,7,8
-0.5120361517415218,0.08042167450319956,0.0,0.0,0.0,0.0,1.0,0.0,0.0
-0.5307944542925724,0.24159767450246744,0.0,0.0,0.0,0.0,1.0,0.0,0.0
-0.3310126925570706,0.1397535769912185,0.0,0.0,0.0,0.0,1.0,0.0,0.0
-0.12986891209923396,0.35821766080143946,0.0,0.0,0.0,0.0,1.0,0.0,0.0
-0.249163233754557,0.23505767649727058,0.0,0.0,0.0,0.0,1.0,0.0,0.0
0.2752791556227295,0.022076625188606844,0.0,0.0,0.0,0.0,1.0,0.0,0.0
0.012404352610376335,0.36079520973036205,0.0,0.0,0.0,0.0,1.0,0.0,0.0
0.7445187805167562,0.06689331781913568,0.0,0.0,0.0,0.0,1.0,0.0,0.0
-0.18756128586963206,0.6323060455237369,0.0,0.0,0.0,0.0,1.0,0.0,0.0
-0.3382757530375373,0.2424582782787501,0.0,0.0,0.0,0.0,1.0,0.0,0.0
-0.14644993726374872,0.17539755096386084,0.0,0.0,0.0,0.0,1.0,0.0,0.0
0.35295044388091257,0.5232573479386259,0.0,0.0,0.0,0.0,1.0,0.0,0.0
0.26609104097934994,0.7155251872795728,0.0,0.0,0.0,0.0,1.0,0.0,0.0
0.07658575604084791,0.3728308900375009,0.0,0.0,0.0,0.0,1.0,0.0,0.0
0.20373556997697587,0.35298430402108283,0.0,0.0,0.0,0.0,1.0,0.0,0.0
-0.015784454649061176,0.8197133610294286,0.0,0.0,0.0,0.0,1.0,0.0,0.0
-0.32885654864696745,0.038094628567677945,0.0,0.0,0.0,0.0,1.0,0.0,0.0
-0.18085277409153622,0.10977149428076913,0.0,0.0,0.0,0.0,1.0,0.0,0.0
0.43539077593612086,0.26967674775004263,0.0,0.0,0.0,0.0,1.0,0.0,0.0
-0.5953590010872587,0.30484259053428603,0.0,0.0,0.0,0.0,1.0,0.0,0.0
0.8966952888869923,-0.16445520521107482,0.0,0.0,0.0,0.0,1.0,0.0,0.0
-0.05093094792952295,0.11292785372702766,0.0,0.0,0.0,0.0,1.0,0.0,0.0
0.5798321858625414,0.6881513942207869,0.0,0.0,0.0,0.0,1.0,0.0,0.0
-0.229836352703988,-2.082857567886026,0.0,0.0,0.0,0.0,1.0,0.0,0.0
-0.46825795400299797,1.2417896885487525,0.0,0.0,0.0,0.0,1.0,0.0,0.0
-0.27392723693143844,-2.195707914864843,0.0,0.0,0.0,0.0,1.0,0.0,0.0
0.20586028452662578,0.3561901458649956,0.0,0.0,0.0,0.0,1.0,0.0,0.0
0.19306601460556963,0.21409525224975604,0.0,0.0,0.0,0.0,1.0,0.0,0.0
-0.004914060088417429,0.27581380856086796,0.0,0.0,0.0,0.0,1.0,0.0,0.0
-0.013703871607131378,0.4351615185537671,0.0,0.0,0.0,0.0,1.0,0.0,0.0
-0.06544946348793156,0.16012670812082871,0.0,0.0,0.0,0.0,1.0,0.0,0.0
-0.4228462444557789,-2.0683343779149856,0.0,0.0,0.0,0.0,1.0,0.0,0.0
-0.052339338713514816,-0.6256390976006234,0.0,0.0,0.0,0.0,1.0,0.0,0.0
-0.014054704519839532,0.5233389853725309,0.0,0.0,0.0,0.0,1.0,0.0,0.0
-0.13879811966674616,0.8673757702955249,0.0,0.0,0.0,0.0,1.0,0.0,0.0
-0.4142990141917306,-2.0602089072482825,0.0,0.0,0.0,0.0,1.0,0.0,0.0
-0.09078487648152299,0.8177428057222391,0.0,0.0,0.0,0.0,1.0,0.0,0.0
-0.21337320629385276,1.8198694492534557,0.0,0.0,1.0,0.0,0.0,0.0,0.0
-0.15531869373046284,-0.09031278214370284,0.0,0.0,1.0,0.0,0.0,0.0,0.0
0.19635769875381423,0.40051918040483264,0.0,0.0,1.0,0.0,0.0,0.0,0.0
-0.16901536063532957,-0.7320473020189514,0.0,0.0,1.0,0.0,0.0,0.0,0.0
0.16482047279304635,0.09131075828843388,0.0,0.0,1.0,0.0,0.0,0.0,0.0
-0.5005474862623028,0.19294277874147533,0.0,0.0,1.0,0.0,0.0,0.0,0.0
0.13476534210377009,-0.14489716752976323,0.0,0.0,1.0,0.0,0.0,0.0,0.0
2.5470075100866105,-0.8638042107525473,0.0,0.0,1.0,0.0,0.0,0.0,0.0
-0.3840840172834549,-0.12650455962041407,0.0,0.0,1.0,0.0,0.0,0.0,0.0
0.32927651190392165,0.4696099391707044,0.0,0.0,1.0,0.0,0.0,0.0,0.0
-0.24016980033434746,0.045835399736454716,0.0,0.0,1.0,0.0,0.0,0.0,0.0
-0.15431872793788898,0.4224996875146871,0.0,0.0,1.0,0.0,0.0,0.0,0.0
0.3757287368266803,-0.5006428136974816,0.0,0.0,1.0,0.0,0.0,0.0,0.0
0.39902037629798226,-0.13305296548915108,0.0,0.0,1.0,0.0,0.0,0.0,0.0
-3.261786377769417,-4.86006351891482,0.0,0.0,1.0,0.0,0.0,0.0,0.0
-0.3919658455908155,-0.2066429953099961,0.0,0.0,1.0,0.0,0.0,0.0,0.0
-0.2899732642674809,-0.12712282593126348,0.0,0.0,1.0,0.0,0.0,0.0,0.0
2.2861594959093674,2.9774288241416547,0.0,0.0,1.0,0.0,0.0,0.0,0.0
2.3780872112177156,-0.6147940135239619,0.0,0.0,1.0,0.0,0.0,0.0,0.0
0.23025945149654048,-1.1115910512411304,0.0,0.0,1.0,0.0,0.0,0.0,0.0
-0.4628934472635765,0.15322548187620497,0.0,0.0,1.0,0.0,0.0,0.0,0.0
0.13598343159213186,-1.0680785083488449,0.0,0.0,1.0,0.0,0.0,0.0,0.0
-3.7449819835303675,2.0011048252519257,0.0,0.0,1.0,0.0,0.0,0.0,0.0
0.22852187913913957,0.020412073149057647,0.0,0.0,1.0,0.0,0.0,0.0,0.0
1.044372121398562,1.8093858191708283,0.0,0.0,1.0,0.0,0.0,0.0,0.0
-1.096452364395889,1.98786001800806,0.0,0.0,1.0,0.0,0.0,0.0,0.0
2.1620208767628015,-1.0640225631491376,0.0,0.0,1.0,0.0,0.0,0.0,0.0
2.087483740899036,-0.46131538807230754,0.0,0.0,1.0,0.0,0.0,0.0,0.0
-0.6283189772923735,0.3351790855422351,0.0,0.0,1.0,0.0,0.0,0.0,0.0
-0.16754391729909968,0.5082723109856304,0.0,0.0,1.0,0.0,0.0,0.0,0.0
-0.5189859759859947,0.5934465136685924,0.0,0.0,1.0,0.0,0.0,0.0,0.0
-0.011916941700277933,0.46472212114230615,0.0,0.0,1.0,0.0,0.0,0.0,0.0
-0.017031703438205776,-0.1194557383153193,0.0,0.0,1.0,0.0,0.0,0.0,0.0
-0.055318578298762806,-0.10581407422169783,0.0,0.0,1.0,0.0,0.0,0.0,0.0
1.0049065024121973,-0.7631160891269672,0.0,0.0,1.0,0.0,0.0,0.0,0.0
0.08733003445466178,0.05926990152686638,0.0,0.0,1.0,0.0,0.0,0.0,0.0
-0.24279065424018856,-0.16251892291670064,0.0,0.0,1.0,0.0,0.0,0.0,0.0
2.338223200518043,-1.2300202162699654,0.0,0.0,1.0,0.0,0.0,0.0,0.0
-0.1702080409366975,-0.0699716934150072,0.0,0.0,1.0,0.0,0.0,0.0,0.0
1.7708905779665007,1.5780815771540178,0.0,0.0,1.0,0.0,0.0,0.0,0.0
-1.2762932881609415,-3.629849726680897,0.0,0.0,1.0,0.0,0.0,0.0,0.0
0.513968901421688,-0.553885066126009,0.0,0.0,1.0,0.0,0.0,0.0,0.0
-0.41772999705770975,-0.021418311714705155,0.0,0.0,1.0,0.0,0.0,0.0,0.0
-0.1540794837577178,0.14977074637932888,0.0,0.0,1.0,0.0,0.0,0.0,0.0
-1.8283459631564318,-1.3347469940950702,0.0,0.0,1.0,0.0,0.0,0.0,0.0
-0.2147977244647812,0.41454687738245866,0.0,0.0,1.0,0.0,0.0,0.0,0.0
-0.38507859641762604,0.08742239241868115,0.0,0.0,1.0,0.0,0.0,0.0,0.0
1.2005123841336336,-0.8925153594940592,0.0,0.0,1.0,0.0,0.0,0.0,0.0
-1.51779856686477,2.8420935427359355,0.0,0.0,1.0,0.0,0.0,0.0,0.0
-0.22135657403649853,0.10325699669870532,0.0,0.0,1.0,0.0,0.0,0.0,0.0
-0.9021014603297774,0.665017833313599,0.0,0.0,1.0,0.0,0.0,0.0,0.0
-2.0367056529828087,0.4037074150042345,0.0,0.0,1.0,0.0,0.0,0.0,0.0
-0.560405963571944,0.1444175909743651,0.0,0.0,1.0,0.0,0.0,0.0,0.0
-0.0662177458379663,-2.6083946670051086,0.0,0.0,1.0,0.0,0.0,0.0,0.0
0.024884232109890405,-2.5646640510934538e-05,0.0,0.0,1.0,0.0,0.0,0.0,0.0
2.7779090592426665,-0.7246589654420199,0.0,0.0,1.0,0.0,0.0,0.0,0.0
-0.22235666875436313,-2.2346053089426703,0.0,0.0,1.0,0.0,0.0,0.0,0.0
-0.7707685863428273,-1.6230044080482116,0.0,0.0,1.0,0.0,0.0,0.0,0.0
-0.9636217046099241,0.2003431679801419,0.0,0.0,1.0,0.0,0.0,0.0,0.0
-0.14052983770216873,-0.05235047643582391,0.0,0.0,1.0,0.0,0.0,0.0,0.0
-3.5299639232397473,-3.6613167688473762,0.0,0.0,1.0,0.0,0.0,0.0,0.0
1.321902565525615,-0.1069393614627781,0.0,0.0,1.0,0.0,0.0,0.0,0.0
2.4881457791856723,1.6244756531592057,0.0,0.0,1.0,0.0,0.0,0.0,0.0
-1.743600206694133,0.7247501742730048,0.0,0.0,1.0,0.0,0.0,0.0,0.0
1.0815848704580653,0.29578630346995766,0.0,0.0,1.0,0.0,0.0,0.0,0.0
0.29327496932138747,0.07860895102731193,0.0,0.0,1.0,0.0,0.0,0.0,0.0
0.2818979814907595,0.13654996293037933,0.0,0.0,1.0,0.0,0.0,0.0,0.0
-0.697512441462998,0.3132469781416949,0.0,0.0,1.0,0.0,0.0,0.0,0.0
1.559775723744014,-0.19969743674742818,0.0,0.0,1.0,0.0,0.0,0.0,0.0
-1.680383855611146,1.5574555323317671,0.0,0.0,1.0,0.0,0.0,0.0,0.0
-0.11992096289267488,0.21722936547003505,0.0,0.0,1.0,0.0,0.0,0.0,0.0
-0.046452273440173615,0.19419807942757955,0.0,0.0,1.0,0.0,0.0,0.0,0.0
-0.05899506492783006,0.0933117165604875,0.0,0.0,1.0,0.0,0.0,0.0,0.0
-0.07605076239135453,-2.471195166669454,0.0,0.0,1.0,0.0,0.0,0.0,0.0
0.12404210585133944,0.5054222643688785,0.0,0.0,1.0,0.0,0.0,0.0,0.0
1.956982445584885,0.7898192138767806,0.0,0.0,1.0,0.0,0.0,0.0,0.0
-0.5765183470520349,0.36695703387623774,0.0,0.0,1.0,0.0,0.0,0.0,0.0
0.23186652988379655,0.4125155299627548,0.0,0.0,1.0,0.0,0.0,0.0,0.0
-0.3157443346451503,0.24239465976491514,0.0,0.0,1.0,0.0,0.0,0.0,0.0
-0.10610394901899953,-0.06315446182718547,0.0,0.0,1.0,0.0,0.0,0.0,0.0
-0.8695742063130186,-0.2522306697423081,0.0,0.0,1.0,0.0,0.0,0.0,0.0
-0.29335020039538034,0.14647068145243616,0.0,0.0,1.0,0.0,0.0,0.0,0.0
-0.29234694034456404,0.0028442247156971363,0.0,0.0,1.0,0.0,0.0,0.0,0.0
-0.07780561681196187,-2.0005775046232435,0.0,0.0,1.0,0.0,0.0,0.0,0.0
-2.055837785554967,-1.2842392003933383,0.0,0.0,1.0,0.0,0.0,0.0,0.0
0.29196829086470794,0.5249583995746849,0.0,0.0,1.0,0.0,0.0,0.0,0.0
-0.7575717424489645,0.4288108961485236,0.0,0.0,1.0,0.0,0.0,0.0,0.0
-3.1310930532314782,-3.512278218636983,0.0,0.0,1.0,0.0,0.0,0.0,0.0
-0.4971565773271385,-0.1388237313488613,0.0,0.0,1.0,0.0,0.0,0.0,0.0
-1.211545008371348,0.9432629372722251,0.0,0.0,1.0,0.0,0.0,0.0,0.0
2.1097715784139193,-1.437273287149844,0.0,0.0,1.0,0.0,0.0,0.0,0.0
1.8307974776582978,1.8118484179322123,0.0,0.0,1.0,0.0,0.0,0.0,0.0
0.30866223899288686,1.0278412207588437,0.0,0.0,1.0,0.0,0.0,0.0,0.0
-0.20850210095358043,0.43003482483677624,0.0,0.0,1.0,0.0,0.0,0.0,0.0
1.5995792587683133,0.5643448277909047,0.0,0.0,1.0,0.0,0.0,0.0,0.0
-0.2096692235388604,0.26520514160150827,0.0,0.0,1.0,0.0,0.0,0.0,0.0
-0.3968040199972032,0.27476053861156524,0.0,0.0,1.0,0.0,0.0,0.0,0.0
0.7317699353425058,0.9885354513281657,0.0,0.0,1.0,0.0,0.0,0.0,0.0
0.1428877860611536,-0.11849992873106535,0.0,0.0,1.0,0.0,0.0,0.0,0.0
0.3453214303193572,-0.44090895495820526,0.0,0.0,1.0,0.0,0.0,0.0,0.0
0.031558858564944905,-0.08940957409259438,0.0,0.0,1.0,0.0,0.0,0.0,0.0
-3.858583217589548,-4.716654535162927,0.0,0.0,1.0,0.0,0.0,0.0,0.0
0.1799770814821186,-2.175732099894178,0.0,0.0,1.0,0.0,0.0,0.0,0.0
0.21826212307924928,0.22101016238561572,0.0,0.0,1.0,0.0,0.0,0.0,0.0
0.17498152062728423,0.1133514113130781,0.0,0.0,1.0,0.0,0.0,0.0,0.0
-0.2930174211147982,-0.11230554915659759,0.0,0.0,1.0,0.0,0.0,0.0,0.0
-0.26397276504065587,0.2733963744306529,0.0,0.0,1.0,0.0,0.0,0.0,0.0
1.5525559633638653,2.4033122996520344,0.0,0.0,1.0,0.0,0.0,0.0,0.0
0.48814032046921896,0.08246598777458063,0.0,0.0,1.0,0.0,0.0,0.0,0.0
-0.15202623324170997,0.008334914183806896,0.0,0.0,1.0,0.0,0.0,0.0,0.0
0.011808825674481487,-0.17015454430760563,0.0,0.0,1.0,0.0,0.0,0.0,0.0
-0.2616457038588646,0.10234586314189721,0.0,0.0,1.0,0.0,0.0,0.0,0.0
1.2417155747949944,1.0062953286573828,0.0,0.0,1.0,0.0,0.0,0.0,0.0
-0.1419478707213727,-0.007838253547560793,0.0,0.0,1.0,0.0,0.0,0.0,0.0
0.49154889154677067,0.12281006139983414,0.0,0.0,1.0,0.0,0.0,0.0,0.0
0.5849902613883711,-0.1596091181089512,0.0,0.0,1.0,0.0,0.0,0.0,0.0
1.0441479246875172,-0.4228008831651772,0.0,0.0,1.0,0.0,0.0,0.0,0.0
-0.2538303575827351,0.312130888878203,0.0,0.0,1.0,0.0,0.0,0.0,0.0
0.8296848551790413,-0.631875058676666,0.0,0.0,1.0,0.0,0.0,0.0,0.0
-0.28001223659508756,0.2757691640576663,0.0,0.0,1.0,0.0,0.0,0.0,0.0
-0.10328164623160509,0.5103891784909855,0.0,0.0,1.0,0.0,0.0,0.0,0.0
1.7811086395528277,0.6026657066034121,0.0,0.0,1.0,0.0,0.0,0.0,0.0
-0.43234401573996367,-0.08703464421769827,0.0,0.0,1.0,0.0,0.0,0.0,0.0
-0.22668150425800676,0.883481134169085,0.0,0.0,1.0,0.0,0.0,0.0,0.0
0.586863838870352,0.09545248012545211,0.0,0.0,1.0,0.0,0.0,0.0,0.0
-0.22198744300889597,0.1993981122756088,0.0,0.0,1.0,0.0,0.0,0.0,0.0
-0.10355144591716549,0.20650166304531747,0.0,0.0,1.0,0.0,0.0,0.0,0.0
1.1106388387994623,0.5779330662315253,0.0,0.0,1.0,0.0,0.0,0.0,0.0
2.340407614423838,-0.16977870979739582,0.0,0.0,1.0,0.0,0.0,0.0,0.0
-0.24426615923878828,0.33275103897852065,0.0,0.0,1.0,0.0,0.0,0.0,0.0
-0.08258685420797192,-0.08267509596007215,0.0,0.0,1.0,0.0,0.0,0.0,0.0
-0.6382553217171042,0.15962058116468741,0.0,0.0,1.0,0.0,0.0,0.0,0.0
1.0737562530500915,2.3986746030035677,0.0,0.0,1.0,0.0,0.0,0.0,0.0
1.1402545187834894,-1.2324271483562614,0.0,0.0,1.0,0.0,0.0,0.0,0.0
0.16180755890931148,-0.43213946561026106,0.0,0.0,1.0,0.0,0.0,0.0,0.0
-0.2830083263325631,0.06794583648779849,0.0,0.0,1.0,0.0,0.0,0.0,0.0
0.09937131079731742,0.09873884476061684,0.0,0.0,1.0,0.0,0.0,0.0,0.0
-0.4226446067999443,0.09518140458377157,0.0,0.0,1.0,0.0,0.0,0.0,0.0
-0.14480927293821771,0.03318985876089173,0.0,0.0,1.0,0.0,0.0,0.0,0.0
-0.2291563000668276,-0.18152357227225882,0.0,0.0,1.0,0.0,0.0,0.0,0.0
-0.19955894782295752,0.1573406165116554,0.0,0.0,1.0,0.0,0.0,0.0,0.0
1.0120490270837625,0.9852806543925033,0.0,0.0,1.0,0.0,0.0,0.0,0.0
-0.5078017084154042,0.06322534666298031,0.0,0.0,1.0,0.0,0.0,0.0,0.0
0.034045330462254955,0.22693995240644035,0.0,0.0,1.0,0.0,0.0,0.0,0.0
-0.415277229056854,1.231149339266668,0.0,0.0,1.0,0.0,0.0,0.0,0.0
-0.446586341203119,-0.01362470266060425,0.0,0.0,1.0,0.0,0.0,0.0,0.0
0.9732274630350609,1.1997753861811158,0.0,0.0,1.0,0.0,0.0,0.0,0.0
0.15043855710517487,-0.06769833541797958,0.0,0.0,1.0,0.0,0.0,0.0,0.0
0.1455805362244954,-0.8665585277730481,0.0,0.0,1.0,0.0,0.0,0.0,0.0
-0.7533244293814112,0.924331325707574,0.0,0.0,1.0,0.0,0.0,0.0,0.0
-0.4655839166416355,0.16946856266693663,0.0,0.0,1.0,0.0,0.0,0.0,0.0
0.3726518441279833,0.04422040205071588,0.0,0.0,1.0,0.0,0.0,0.0,0.0
2.171517773356858,0.05277336386607934,0.0,0.0,1.0,0.0,0.0,0.0,0.0
0.5268884937469245,0.8440644828017467,0.0,0.0,1.0,0.0,0.0,0.0,0.0
-0.5687050525311104,0.31640798066811243,0.0,0.0,1.0,0.0,0.0,0.0,0.0
0.05553381344201404,-0.0711172817034821,0.0,0.0,1.0,0.0,0.0,0.0,0.0
1.331604369121335,-0.6679974217855863,0.0,0.0,1.0,0.0,0.0,0.0,0.0
1.4988885842551976,0.11485406580438717,0.0,0.0,1.0,0.0,0.0,0.0,0.0
2.6642180171523795,-1.190287029349294,0.0,0.0,1.0,0.0,0.0,0.0,0.0
1.1356743157988733,1.2858837019462739,0.0,0.0,1.0,0.0,0.0,0.0,0.0
0.6470002261625739,-0.08633533839465699,0.0,0.0,1.0,0.0,0.0,0.0,0.0
-1.6076418055775297,0.3758973566212093,0.0,0.0,1.0,0.0,0.0,0.0,0.0
-0.2971005554234685,-0.4610917577396123,0.0,0.0,1.0,0.0,0.0,0.0,0.0
-0.19077880560737356,0.24554246218653353,0.0,0.0,1.0,0.0,0.0,0.0,0.0
4.289856005474398,-0.8762001275756267,0.0,0.0,1.0,0.0,0.0,0.0,0.0
-0.9147595015578925,-0.48347297686295315,0.0,0.0,1.0,0.0,0.0,0.0,0.0
0.44031596227238495,0.141212089751252,0.0,0.0,1.0,0.0,0.0,0.0,0.0
0.07945924522104973,0.3453671429942472,0.0,0.0,1.0,0.0,0.0,0.0,0.0
2.806828865510879,-0.9989904337492783,0.0,0.0,1.0,0.0,0.0,0.0,0.0
-0.6590962680567913,-0.38411330275817307,0.0,0.0,1.0,0.0,0.0,0.0,0.0
0.3983178507992829,0.33232114256131473,0.0,0.0,1.0,0.0,0.0,0.0,0.0
-0.5041558478883,-0.09273094293978017,0.0,0.0,1.0,0.0,0.0,0.0,0.0
1.8985769941090196,-1.055060226176957,0.0,0.0,1.0,0.0,0.0,0.0,0.0
-1.2250749880797678,-2.842102926667999,0.0,0.0,1.0,0.0,0.0,0.0,0.0
-0.19065433174749843,-0.3287300261432699,0.0,0.0,1.0,0.0,0.0,0.0,0.0
-0.49230445081895363,0.17903321067710923,0.0,0.0,1.0,0.0,0.0,0.0,0.0
-0.3271721264413432,0.23799612201065196,0.0,0.0,1.0,0.0,0.0,0.0,0.0
-0.25629615522870336,-0.20338349889040697,0.0,0.0,1.0,0.0,0.0,0.0,0.0
0.16034744667949183,0.39257940112111617,0.0,0.0,1.0,0.0,0.0,0.0,0.0
-0.01726605368884635,-0.05593212845739256,0.0,0.0,1.0,0.0,0.0,0.0,0.0
-0.23706794255503466,-0.12614782084635556,0.0,0.0,1.0,0.0,0.0,0.0,0.0
0.52018333256526,0.8126738933693529,0.0,0.0,1.0,0.0,0.0,0.0,0.0
-0.8227079670108968,0.30243245331993973,0.0,0.0,1.0,0.0,0.0,0.0,0.0
-2.368494990400823,0.7216796283055678,0.0,0.0,1.0,0.0,0.0,0.0,0.0
-0.34015775651216795,0.06643007529684773,0.0,0.0,1.0,0.0,0.0,0.0,0.0
-1.9364561534603495,1.0079507309569613,0.0,0.0,1.0,0.0,0.0,0.0,0.0
-0.46016051178108475,-0.05396501141279539,0.0,0.0,1.0,0.0,0.0,0.0,0.0
1.1779754728350125,2.2173341420722044,0.0,0.0,1.0,0.0,0.0,0.0,0.0
0.31974097945118823,0.391339403405517,0.0,0.0,1.0,0.0,0.0,0.0,0.0
-0.9869689160106244,0.5078565509215586,0.0,0.0,1.0,0.0,0.0,0.0,0.0
-0.8302813337547594,0.17859233259499743,0.0,0.0,1.0,0.0,0.0,0.0,0.0
0.020320605925166598,0.10456366822376982,0.0,0.0,1.0,0.0,0.0,0.0,0.0
-0.15159543140149012,0.2407443255540472,0.0,0.0,1.0,0.0,0.0,0.0,0.0
-0.1218292166810337,0.0050745638418260115,0.0,0.0,1.0,0.0,0.0,0.0,0.0
-0.06128879701268039,-0.1687859277841997,0.0,0.0,1.0,0.0,0.0,0.0,0.0
0.338074262373105,-0.2949076729340896,0.0,0.0,1.0,0.0,0.0,0.0,0.0
-0.41688917071398784,0.11016133547965659,0.0,0.0,1.0,0.0,0.0,0.0,0.0
-0.2239624159827458,0.1320185377480017,0.0,0.0,1.0,0.0,0.0,0.0,0.0
-0.274738321410832,0.009299804590436084,0.0,0.0,1.0,0.0,0.0,0.0,0.0
-0.2108595860254646,0.03177162930979366,0.0,0.0,1.0,0.0,0.0,0.0,0.0
-0.6077318840816697,0.34885880493765853,0.0,0.0,1.0,0.0,0.0,0.0,0.0
-0.4057567783036595,-0.11224634180552313,0.0,0.0,1.0,0.0,0.0,0.0,0.0
-0.022276499882733038,0.2766542213389488,0.0,0.0,1.0,0.0,0.0,0.0,0.0
-0.41134684691414825,0.20131661489108815,0.0,0.0,1.0,0.0,0.0,0.0,0.0
-0.06039473259679817,0.17656004816481144,0.0,0.0,1.0,0.0,0.0,0.0,0.0
-0.10110058802331537,0.1589628797998986,0.0,0.0,1.0,0.0,0.0,0.0,0.0
-1.1522246879421016,0.7262310485455375,0.0,0.0,1.0,0.0,0.0,0.0,0.0
-0.7171021970317535,-1.1589077936277137,0.0,0.0,1.0,0.0,0.0,0.0,0.0
-0.0040678090016912785,-0.3421673087107471,0.0,0.0,1.0,0.0,0.0,0.0,0.0
0.3528450796081747,0.17489421544453188,0.0,0.0,1.0,0.0,0.0,0.0,0.0
-0.012195783900846163,0.23152674735540318,0.0,0.0,1.0,0.0,0.0,0.0,0.0
-0.10451748289332585,-0.015589858731257965,0.0,0.0,1.0,0.0,0.0,0.0,0.0
-1.0243553672777475,-1.2397001775031116,0.0,0.0,1.0,0.0,0.0,0.0,0.0
-2.4735085137925394,0.7034869475065996,0.0,0.0,1.0,0.0,0.0,0.0,0.0
0.30392963571271886,0.3755738814907651,0.0,0.0,1.0,0.0,0.0,0.0,0.0
0.3486586713166857,0.6222303248300216,0.0,0.0,1.0,0.0,0.0,0.0,0.0
0.5497937925345037,-0.2205273564011307,0.0,0.0,1.0,0.0,0.0,0.0,0.0
1.5607521690588697,1.4244149703519637,0.0,0.0,1.0,0.0,0.0,0.0,0.0
-0.005255962804331989,0.17343794120496614,0.0,0.0,1.0,0.0,0.0,0.0,0.0
-0.3336460731291803,-0.8849433343259011,0.0,0.0,1.0,0.0,0.0,0.0,0.0
-0.09534120906278544,0.2595031385817044,0.0,0.0,1.0,0.0,0.0,0.0,0.0
-0.20657871446470094,0.1350892072838631,0.0,0.0,1.0,0.0,0.0,0.0,0.0
-0.4734847014175605,0.26945161228253117,0.0,0.0,1.0,0.0,0.0,0.0,0.0
-0.049093045500740055,0.3181716481539821,0.0,0.0,1.0,0.0,0.0,0.0,0.0
0.13203463646254984,0.09567831898697457,0.0,0.0,1.0,0.0,0.0,0.0,0.0
1.093846052810192,-0.31229469614283195,0.0,0.0,1.0,0.0,0.0,0.0,0.0
-0.3747901998013053,0.0437225980113592,0.0,0.0,1.0,0.0,0.0,0.0,0.0
0.042614176513611324,0.005124460850452346,0.0,0.0,1.0,0.0,0.0,0.0,0.0
0.5616066417273035,-0.15092306519795107,0.0,0.0,1.0,0.0,0.0,0.0,0.0
-0.7663377343955337,0.37373805610382577,0.0,0.0,1.0,0.0,0.0,0.0,0.0
0.1345436853285628,-1.6356495631196803,0.0,0.0,1.0,0.0,0.0,0.0,0.0
0.3096930573033888,-0.44612226442746633,0.0,0.0,1.0,0.0,0.0,0.0,0.0
-0.7716909335432026,-2.0087847025532204,0.0,0.0,1.0,0.0,0.0,0.0,0.0
-1.2231953847581232,0.08533458588529189,0.0,0.0,1.0,0.0,0.0,0.0,0.0
-0.3511872192055111,-0.16896561697074308,0.0,0.0,1.0,0.0,0.0,0.0,0.0
0.11737808504416705,0.029930769054881876,0.0,0.0,1.0,0.0,0.0,0.0,0.0
0.21254504536256513,0.06386434173855052,0.0,0.0,1.0,0.0,0.0,0.0,0.0
-0.06983302950414565,0.058507491225650354,0.0,0.0,1.0,0.0,0.0,0.0,0.0
0.017806683670703847,0.2615314623698446,0.0,0.0,1.0,0.0,0.0,0.0,0.0
-0.11112091370638309,0.39477316427097336,0.0,0.0,1.0,0.0,0.0,0.0,0.0
-0.31247345305033963,0.027756675113720812,0.0,0.0,1.0,0.0,0.0,0.0,0.0
-0.16445676891801306,0.11886766841825928,0.0,0.0,1.0,0.0,0.0,0.0,0.0
0.03159914370866404,0.10531553270172395,0.0,0.0,1.0,0.0,0.0,0.0,0.0
0.7811869949485732,-0.7666669091451946,0.0,0.0,1.0,0.0,0.0,0.0,0.0
1.3617439146486328,1.8453832061401356,0.0,0.0,1.0,0.0,0.0,0.0,0.0
2.1463654843835465,-0.08640457568727494,0.0,0.0,1.0,0.0,0.0,0.0,0.0
-0.2268893187264311,0.10731331744876489,0.0,0.0,1.0,0.0,0.0,0.0,0.0
-0.4505662969172694,0.12668870701970403,0.0,0.0,1.0,0.0,0.0,0.0,0.0
-0.12217879306518034,0.06338432432938736,0.0,0.0,1.0,0.0,0.0,0.0,0.0
-0.9086572304629318,0.32320282746356105,0.0,0.0,1.0,0.0,0.0,0.0,0.0
-0.12325774539794616,0.1462332222531979,0.0,0.0,1.0,0.0,0.0,0.0,0.0
2.9424933885938893,-0.4347872768089761,0.0,0.0,1.0,0.0,0.0,0.0,0.0
-0.05789587687489017,-1.350792265871465,0.0,0.0,1.0,0.0,0.0,0.0,0.0
-0.24884066622928172,0.9663563927559334,0.0,0.0,0.0,0.0,0.0,1.0,0.0
-0.0447297489109974,1.2933916265427445,0.0,0.0,0.0,0.0,0.0,1.0,0.0
0.8455947610837335,1.3879799954403906,0.0,0.0,1.0,0.0,0.0,0.0,0.0
-0.3134775152533478,0.3894580211463181,0.0,0.0,1.0,0.0,0.0,0.0,0.0
-0.5004473229685414,0.8459947877720382,0.0,0.0,1.0,0.0,0.0,0.0,0.0
0.5629407076150542,0.31857028452331304,0.0,0.0,1.0,0.0,0.0,0.0,0.0
-2.334781478604471,-3.4221732809002323,0.0,0.0,1.0,0.0,0.0,0.0,0.0
-0.030322198257349123,1.1636345832302304,0.0,0.0,1.0,0.0,0.0,0.0,0.0
-0.10876206349142735,0.09838246621746416,0.0,0.0,1.0,0.0,0.0,0.0,0.0
-0.09322168621077884,-1.6115124623022572,0.0,0.0,1.0,0.0,0.0,0.0,0.0
-0.5224446357510443,-0.8180845860338298,0.0,0.0,1.0,0.0,0.0,0.0,0.0
-1.6545871689560545,1.0741701661070642,0.0,0.0,1.0,0.0,0.0,0.0,0.0
-0.15609190670723955,0.5159314514577694,0.0,0.0,1.0,0.0,0.0,0.0,0.0
-0.4689337348102286,1.5665752755573796,0.0,0.0,1.0,0.0,0.0,0.0,0.0
0.7593173958562445,-1.9802111129517914,0.0,0.0,1.0,0.0,0.0,0.0,0.0
-1.0161316670183913,0.9790834009429636,0.0,0.0,1.0,0.0,0.0,0.0,0.0
-0.018894559424549213,0.025495961510416807,0.0,0.0,1.0,0.0,0.0,0.0,0.0
-1.0970312588323887,-0.7283396358461582,0.0,0.0,1.0,0.0,0.0,0.0,0.0
-0.11836251296660091,0.524866021951344,0.0,0.0,1.0,0.0,0.0,0.0,0.0
-1.0218167337210782,-0.5627095964327347,0.0,0.0,1.0,0.0,0.0,0.0,0.0
-0.2854227748901738,0.18591476642053825,0.0,0.0,1.0,0.0,0.0,0.0,0.0
1.0525246551232479,0.8132629471498108,0.0,0.0,1.0,0.0,0.0,0.0,0.0
-1.1317114351675395,-1.0088966420961467,0.0,0.0,1.0,0.0,0.0,0.0,0.0
-1.6655169000244858,1.779320027260674,0.0,0.0,1.0,0.0,0.0,0.0,0.0
-1.9370385952668887,0.08097624047883528,0.0,0.0,1.0,0.0,0.0,0.0,0.0
2.220878861416212,-1.6304661970364773,0.0,0.0,0.0,0.0,0.0,1.0,0.0
0.5919644076219946,-0.2506934861203178,0.0,0.0,1.0,0.0,0.0,0.0,0.0
-0.376992453754643,-2.5650110910990076,0.0,0.0,1.0,0.0,0.0,0.0,0.0
0.24545169982689807,0.3362575518388321,0.0,0.0,1.0,0.0,0.0,0.0,0.0
0.20646822755261232,2.35939570010114,0.0,0.0,1.0,0.0,0.0,0.0,0.0
0.9059072852350171,0.1155887766598541,0.0,0.0,1.0,0.0,0.0,0.0,0.0
-0.3299748941431114,0.1782027165069031,0.0,0.0,1.0,0.0,0.0,0.0,0.0
0.616870137917043,-0.44618511107752806,0.0,0.0,1.0,0.0,0.0,0.0,0.0
0.9195242212910236,-0.4693144124164828,0.0,0.0,1.0,0.0,0.0,0.0,0.0
-0.8658500131671066,0.33655984100617015,0.0,0.0,1.0,0.0,0.0,0.0,0.0
-0.42502027364668005,0.18849904601455977,0.0,0.0,1.0,0.0,0.0,0.0,0.0
-0.10547168392386393,0.21607254470086906,0.0,0.0,1.0,0.0,0.0,0.0,0.0
-0.03996242820607101,0.22963657789764916,0.0,0.0,1.0,0.0,0.0,0.0,0.0
-0.05410751240599073,0.7712737175154871,0.0,0.0,0.0,1.0,0.0,0.0,0.0
1.0353191161747015,-1.4239555719101809,0.0,0.0,0.0,1.0,0.0,0.0,0.0
0.6069090623225071,-0.227730738100087,0.0,0.0,0.0,1.0,0.0,0.0,0.0
-0.437543701472353,-2.0228255002338793,0.0,0.0,0.0,1.0,0.0,0.0,0.0
0.11055102710839013,0.3816050084555611,0.0,0.0,0.0,0.0,0.0,0.0,1.0
-0.2436362318873554,0.1588752055898407,0.0,0.0,0.0,0.0,0.0,0.0,1.0
